cveID,vendorProject,daystokev,Publishedmonth,base_score,knownRansomwareCampaignUse,cluster
CVE-2021-27104,Accellion,260.0,2.0,9.8,Known,3
CVE-2021-27102,Accellion,260.0,2.0,7.8,Known,3
CVE-2021-27101,Accellion,260.0,2.0,9.8,Known,3
CVE-2021-27103,Accellion,260.0,2.0,9.8,Known,3
CVE-2021-21017,Adobe,265.0,2.0,8.8,Unknown,3
CVE-2021-28550,Adobe,62.0,9.0,8.8,Unknown,3
CVE-2018-4939,Adobe,1264.0,5.0,9.8,Unknown,3
CVE-2018-15961,Adobe,1135.0,9.0,9.8,Unknown,3
CVE-2018-4878,Adobe,1366.0,2.0,9.8,Known,3
CVE-2020-5735,Amcrest,574.0,4.0,8.8,Unknown,3
CVE-2019-2215,Android,754.0,10.0,7.8,Unknown,3
CVE-2020-0041,Android,603.0,3.0,7.8,Unknown,3
CVE-2020-0069,MediaTek,603.0,3.0,7.8,Unknown,1
CVE-2017-9805,Apache,1510.0,9.0,8.1,Unknown,3
CVE-2021-42013,Apache,27.0,10.0,9.8,Known,3
CVE-2021-41773,Apache,29.0,10.0,7.5,Known,3
CVE-2019-0211,Apache,940.0,4.0,7.8,Unknown,3
CVE-2016-4437,Apache,1975.0,6.0,8.1,Unknown,3
CVE-2019-17558,Apache,674.0,12.0,7.5,Unknown,3
CVE-2020-17530,Apache,327.0,12.0,9.8,Unknown,3
CVE-2017-5638,Apache,1698.0,3.0,10.0,Known,3
CVE-2018-11776,Apache,1169.0,8.0,8.1,Unknown,3
CVE-2021-30858,Apple,71.0,8.0,8.8,Unknown,3
CVE-2019-6223,Apple,974.0,3.0,7.5,Unknown,3
CVE-2021-30860,Apple,71.0,8.0,7.8,Unknown,3
CVE-2020-27930,Apple,330.0,12.0,7.8,Unknown,3
CVE-2021-30807,Apple,15.0,10.0,7.8,Unknown,3
CVE-2020-27950,Apple,330.0,12.0,5.5,Unknown,3
CVE-2020-27932,Apple,330.0,12.0,7.8,Unknown,3
CVE-2020-9818,Apple,512.0,6.0,8.8,Unknown,3
CVE-2020-9819,Apple,512.0,6.0,4.3,Unknown,3
CVE-2021-30762,Apple,56.0,9.0,8.8,Unknown,3
CVE-2021-1782,Apple,215.0,4.0,7.0,Unknown,3
CVE-2021-1870,Apple,215.0,4.0,9.8,Unknown,3
CVE-2021-1871,Apple,215.0,4.0,9.8,Unknown,3
CVE-2021-1879,Apple,215.0,4.0,6.1,Unknown,3
CVE-2021-30661,Apple,56.0,9.0,8.8,Unknown,3
CVE-2021-30666,Apple,56.0,9.0,8.8,Unknown,3
CVE-2021-30713,Apple,56.0,9.0,7.8,Unknown,3
CVE-2021-30657,Apple,56.0,9.0,5.5,Unknown,3
CVE-2021-30665,Apple,56.0,9.0,8.8,Unknown,3
CVE-2021-30663,Apple,56.0,9.0,8.8,Unknown,3
CVE-2021-30761,Apple,56.0,9.0,8.8,Unknown,3
CVE-2021-30869,Apple,71.0,8.0,7.8,Unknown,3
CVE-2020-9859,Apple,516.0,6.0,7.8,Unknown,3
CVE-2021-20090,Arcadyan,188.0,4.0,9.8,Unknown,3
CVE-2021-27562,Arm,162.0,5.0,5.5,Unknown,3
CVE-2021-28664,Arm,177.0,5.0,8.8,Unknown,3
CVE-2021-28663,Arm,177.0,5.0,8.8,Unknown,3
CVE-2019-3398,Atlassian,930.0,4.0,8.8,Unknown,3
CVE-2021-26084,Atlassian,65.0,8.0,9.8,Known,3
CVE-2019-11580,Atlassian,884.0,6.0,9.8,Unknown,3
CVE-2019-3396,Atlassian,954.0,3.0,9.8,Known,3
CVE-2021-42258,BQE,12.0,10.0,9.8,Known,3
CVE-2020-3452,Cisco,469.0,7.0,7.5,Unknown,3
CVE-2020-3580,Cisco,378.0,10.0,6.1,Unknown,3
CVE-2021-1497,Cisco,181.0,5.0,9.8,Unknown,3
CVE-2021-1498,Cisco,181.0,5.0,9.8,Unknown,3
CVE-2018-0171,Cisco,1316.0,3.0,9.8,Unknown,3
CVE-2020-3118,Cisco,637.0,2.0,8.8,Unknown,3
CVE-2020-3566,Cisco,431.0,8.0,7.5,Unknown,3
CVE-2020-3569,Cisco,406.0,9.0,7.5,Unknown,3
CVE-2020-3161,Cisco,567.0,4.0,9.8,Unknown,3
CVE-2019-1653,Cisco,1014.0,1.0,7.5,Unknown,3
CVE-2018-0296,Cisco,1245.0,6.0,7.5,Unknown,3
CVE-2019-13608,Citrix,797.0,8.0,7.5,Known,3
CVE-2020-8193,Citrix,481.0,7.0,6.5,Unknown,3
CVE-2020-8195,Citrix,481.0,7.0,6.5,Unknown,3
CVE-2020-8196,Citrix,481.0,7.0,4.3,Unknown,3
CVE-2019-19781,Citrix,677.0,12.0,9.8,Known,3
CVE-2019-11634,Citrix,896.0,5.0,9.8,Known,3
CVE-2020-29557,D-Link,278.0,1.0,9.8,Unknown,3
CVE-2020-25506,D-Link,274.0,2.0,9.8,Unknown,3
CVE-2018-15811,DotNetNuke (DNN),854.0,7.0,7.5,Unknown,3
CVE-2018-18325,DotNetNuke (DNN),854.0,7.0,7.5,Unknown,3
CVE-2017-9822,DotNetNuke (DNN),1567.0,7.0,8.8,Known,3
CVE-2019-15752,Docker,798.0,8.0,7.8,Unknown,3
CVE-2020-8515,DrayTek,641.0,2.0,9.8,Unknown,3
CVE-2018-7600,Drupal,1315.0,3.0,9.8,Known,3
CVE-2021-22205,GitLab,194.0,4.0,10.0,Unknown,1
CVE-2018-6789,Exim,1364.0,2.0,9.8,Known,3
CVE-2020-8657,EyesOfNetwork,636.0,2.0,9.8,Unknown,3
CVE-2020-8655,EyesOfNetwork,635.0,2.0,7.8,Unknown,3
CVE-2020-5902,F5,490.0,7.0,9.8,Known,3
CVE-2021-22986,F5,217.0,3.0,9.8,Known,3
CVE-2021-35464,ForgeRock,104.0,7.0,9.8,Known,1
CVE-2019-5591,Fortinet,446.0,8.0,6.5,Unknown,1
CVE-2020-12812,Fortinet,467.0,7.0,9.8,Known,3
CVE-2018-13379,Fortinet,883.0,6.0,9.8,Known,3
CVE-2020-16010,Google,365.0,11.0,8.8,Unknown,1
CVE-2020-15999,Google,365.0,11.0,6.5,Unknown,1
CVE-2021-21166,Google,239.0,3.0,8.8,Unknown,1
CVE-2020-16017,Google,299.0,1.0,9.6,Unknown,1
CVE-2021-37976,Google,26.0,10.0,6.5,Unknown,1
CVE-2020-16009,Google,365.0,11.0,8.8,Unknown,1
CVE-2021-30632,Google,26.0,10.0,8.8,Unknown,1
CVE-2020-16013,Google,299.0,1.0,8.8,Unknown,1
CVE-2021-30633,Google,26.0,10.0,9.6,Unknown,1
CVE-2021-21148,Google,267.0,2.0,8.8,Unknown,1
CVE-2021-37973,Google,26.0,10.0,9.6,Unknown,1
CVE-2021-30551,Google,141.0,6.0,8.8,Unknown,1
CVE-2021-37975,Google,26.0,10.0,8.8,Unknown,1
CVE-2020-6418,Google,615.0,2.0,8.8,Unknown,1
CVE-2021-30554,Google,124.0,7.0,8.8,Unknown,1
CVE-2021-21206,Google,191.0,4.0,8.8,Unknown,1
CVE-2021-38000,Google,-20.0,11.0,6.1,Unknown,1
CVE-2021-38003,Google,-20.0,11.0,8.8,Unknown,1
CVE-2021-21224,Google,191.0,4.0,8.8,Unknown,1
CVE-2021-21193,Google,232.0,3.0,8.8,Unknown,1
CVE-2021-21220,Google,191.0,4.0,8.8,Unknown,1
CVE-2021-30563,Google,92.0,8.0,8.8,Unknown,1
CVE-2020-4430,IBM,545.0,5.0,4.3,Unknown,1
CVE-2020-4427,IBM,545.0,5.0,9.8,Unknown,1
CVE-2020-4428,IBM,545.0,5.0,9.1,Unknown,1
CVE-2019-4716,IBM,686.0,12.0,9.8,Unknown,1
CVE-2016-3715,ImageMagick,2008.0,5.0,5.5,Unknown,4
CVE-2016-3718,ImageMagick,2008.0,5.0,6.3,Unknown,4
CVE-2020-15505,Ivanti,484.0,7.0,9.8,Unknown,1
CVE-2021-30116,Kaseya,117.0,7.0,9.8,Known,1
CVE-2020-7961,Liferay,593.0,3.0,9.8,Unknown,1
CVE-2021-23874,McAfee,266.0,2.0,7.8,Unknown,1
CVE-2021-22506,Micro Focus,222.0,3.0,7.5,Unknown,1
CVE-2021-22502,Micro Focus,268.0,2.0,9.8,Unknown,1
CVE-2014-1812,Microsoft,2730.0,5.0,0.0,Unknown,0
CVE-2021-38647,Microsoft,49.0,9.0,9.8,Known,1
CVE-2016-0167,Microsoft,2031.0,4.0,7.8,Known,4
CVE-2020-0878,Microsoft,418.0,9.0,4.2,Known,1
CVE-2021-31955,Microsoft,148.0,6.0,5.5,Unknown,1
CVE-2021-1647,Microsoft,295.0,1.0,7.8,Unknown,1
CVE-2021-33739,Microsoft,148.0,6.0,8.4,Unknown,1
CVE-2016-0185,Microsoft,2002.0,5.0,7.8,Unknown,4
CVE-2020-0683,Microsoft,631.0,2.0,7.8,Unknown,1
CVE-2020-17087,Microsoft,357.0,11.0,7.8,Unknown,1
CVE-2021-33742,Microsoft,148.0,6.0,7.5,Unknown,1
CVE-2021-31199,Microsoft,148.0,6.0,5.2,Unknown,1
CVE-2021-33771,Microsoft,112.0,7.0,7.8,Unknown,1
CVE-2021-31956,Microsoft,148.0,6.0,7.8,Unknown,1
CVE-2021-31201,Microsoft,148.0,6.0,5.2,Unknown,1
CVE-2021-31979,Microsoft,112.0,7.0,7.8,Unknown,1
CVE-2020-0938,Microsoft,567.0,4.0,7.8,Unknown,1
CVE-2020-17144,Microsoft,328.0,12.0,8.4,Unknown,1
CVE-2020-0986,Microsoft,512.0,6.0,7.8,Unknown,1
CVE-2020-1020,Microsoft,567.0,4.0,8.8,Unknown,1
CVE-2021-38645,Microsoft,49.0,9.0,7.8,Unknown,1
CVE-2021-34523,Microsoft,112.0,7.0,9.0,Known,1
CVE-2017-7269,Microsoft,1682.0,3.0,9.8,Unknown,4
CVE-2021-36948,Microsoft,83.0,8.0,7.8,Unknown,1
CVE-2021-38649,Microsoft,49.0,9.0,7.0,Unknown,1
CVE-2020-0688,Microsoft,631.0,2.0,8.8,Known,1
CVE-2017-0143,Microsoft,1692.0,3.0,8.1,Known,4
CVE-2016-7255,Microsoft,1819.0,11.0,7.8,Unknown,4
CVE-2019-0708,Microsoft,902.0,5.0,9.8,Unknown,4
CVE-2021-34473,Microsoft,112.0,7.0,9.1,Known,1
CVE-2020-1464,Microsoft,443.0,8.0,7.8,Unknown,1
CVE-2021-1732,Microsoft,251.0,2.0,7.8,Known,1
CVE-2021-34527,Microsoft,124.0,7.0,8.8,Known,1
CVE-2021-31207,Microsoft,176.0,5.0,6.6,Known,1
CVE-2019-0803,Microsoft,939.0,4.0,7.8,Unknown,4
CVE-2020-1040,Microsoft,477.0,7.0,9.0,Unknown,1
CVE-2021-28310,Microsoft,204.0,4.0,7.8,Unknown,1
CVE-2020-1350,Microsoft,477.0,7.0,10.0,Unknown,1
CVE-2021-26411,Microsoft,237.0,3.0,8.8,Known,1
CVE-2019-0859,Microsoft,939.0,4.0,7.8,Unknown,4
CVE-2021-40444,Microsoft,49.0,9.0,8.8,Known,1
CVE-2017-8759,Microsoft,1512.0,9.0,7.8,Unknown,4
CVE-2018-8653,Microsoft,1049.0,12.0,7.5,Unknown,4
CVE-2019-0797,Microsoft,939.0,4.0,7.8,Unknown,4
CVE-2021-36942,Microsoft,83.0,8.0,7.5,Known,1
CVE-2019-1215,Microsoft,784.0,9.0,7.8,Known,1
CVE-2018-0798,Microsoft,1393.0,1.0,8.8,Unknown,4
CVE-2018-0802,Microsoft,1393.0,1.0,7.8,Unknown,4
CVE-2012-0158,Microsoft,3494.0,4.0,0.0,Unknown,0
CVE-2015-1641,Microsoft,2395.0,4.0,0.0,Unknown,0
CVE-2021-27085,Microsoft,237.0,3.0,8.8,Unknown,1
CVE-2019-0541,Microsoft,1030.0,1.0,8.8,Unknown,4
CVE-2017-11882,Microsoft,1449.0,11.0,7.8,Known,4
CVE-2020-0674,Microsoft,631.0,2.0,7.5,Unknown,1
CVE-2021-27059,Microsoft,237.0,3.0,7.6,Unknown,1
CVE-2019-1367,Microsoft,772.0,9.0,7.5,Known,1
CVE-2017-0199,Microsoft,1666.0,4.0,7.8,Known,4
CVE-2020-1380,Microsoft,443.0,8.0,7.8,Unknown,1
CVE-2019-1429,Microsoft,722.0,11.0,7.5,Unknown,1
CVE-2017-11774,Microsoft,1482.0,10.0,7.8,Unknown,4
CVE-2020-0968,Microsoft,567.0,4.0,7.5,Unknown,1
CVE-2020-1472,Microsoft,443.0,8.0,5.5,Known,1
CVE-2021-26855,Microsoft,245.0,3.0,9.1,Known,1
CVE-2021-26858,Microsoft,245.0,3.0,7.8,Known,1
CVE-2021-27065,Microsoft,245.0,3.0,7.8,Known,1
CVE-2020-1054,Microsoft,531.0,5.0,7.8,Unknown,1
CVE-2021-1675,Microsoft,148.0,6.0,7.8,Known,1
CVE-2021-34448,Microsoft,110.0,7.0,6.8,Unknown,1
CVE-2020-0601,Microsoft,659.0,1.0,8.1,Unknown,1
CVE-2019-0604,Microsoft,974.0,3.0,9.8,Known,4
CVE-2020-0646,Microsoft,659.0,1.0,9.8,Unknown,1
CVE-2019-0808,Microsoft,939.0,4.0,7.8,Unknown,4
CVE-2021-26857,Microsoft,245.0,3.0,7.8,Known,1
CVE-2020-1147,Microsoft,477.0,7.0,7.8,Unknown,1
CVE-2019-1214,Microsoft,784.0,9.0,7.8,Unknown,1
CVE-2016-3235,Microsoft,1966.0,6.0,7.8,Unknown,4
CVE-2019-0863,Microsoft,902.0,5.0,7.8,Unknown,4
CVE-2021-36955,Microsoft,49.0,9.0,7.8,Known,1
CVE-2021-38648,Microsoft,49.0,9.0,7.8,Unknown,1
CVE-2020-6819,Mozilla,558.0,4.0,8.1,Unknown,1
CVE-2020-6820,Mozilla,558.0,4.0,8.1,Unknown,1
CVE-2019-17026,Mozilla,611.0,3.0,8.8,Unknown,1
CVE-2019-15949,Nagios,790.0,9.0,8.8,Unknown,1
CVE-2020-26919,NETGEAR,390.0,10.0,9.8,Unknown,1
CVE-2019-19356,Netis,635.0,2.0,7.5,Unknown,1
CVE-2020-2555,Oracle,658.0,1.0,9.8,Unknown,1
CVE-2012-3152,Oracle,3305.0,10.0,0.0,Unknown,0
CVE-2020-14871,Oracle,378.0,10.0,10.0,Unknown,1
CVE-2015-4852,Oracle,2177.0,11.0,9.8,Unknown,4
CVE-2020-14750,Oracle,366.0,11.0,9.8,Unknown,1
CVE-2020-14882,Oracle,378.0,10.0,9.8,Unknown,1
CVE-2020-14883,Oracle,378.0,10.0,7.2,Unknown,1
CVE-2020-8644,PlaySMS,637.0,2.0,9.8,Unknown,1
CVE-2019-18935,Progress,693.0,12.0,9.8,Known,1
CVE-2021-22893,Ivanti,194.0,4.0,10.0,Known,1
CVE-2020-8243,Ivanti,399.0,9.0,7.2,Unknown,1
CVE-2021-22900,Ivanti,160.0,5.0,7.2,Unknown,1
CVE-2021-22894,Ivanti,160.0,5.0,8.8,Unknown,1
CVE-2020-8260,Ivanti,371.0,10.0,7.2,Unknown,1
CVE-2021-22899,Ivanti,160.0,5.0,8.8,Unknown,1
CVE-2019-11510,Ivanti,910.0,5.0,10.0,Known,1
CVE-2019-11539,Ivanti,922.0,4.0,7.2,Known,1
CVE-2021-1906,Qualcomm,180.0,5.0,5.5,Unknown,1
CVE-2021-1905,Qualcomm,180.0,5.0,7.8,Unknown,1
CVE-2020-10221,rConfig,605.0,3.0,8.8,Unknown,2
CVE-2021-35395,Realtek,79.0,8.0,9.8,Unknown,2
CVE-2017-16651,Roundcube,1455.0,11.0,7.8,Unknown,4
CVE-2020-11652,SaltStack,552.0,4.0,6.5,Unknown,2
CVE-2020-11651,SaltStack,552.0,4.0,9.8,Unknown,2
CVE-2020-16846,SaltStack,362.0,11.0,9.8,Unknown,2
CVE-2018-2380,SAP,1343.0,3.0,6.6,Known,4
CVE-2010-5326,SAP,2000.0,5.0,10.0,Unknown,4
CVE-2016-9563,SAP,1806.0,11.0,6.5,Unknown,4
CVE-2020-6287,SAP,477.0,7.0,10.0,Unknown,2
CVE-2020-6207,SAP,603.0,3.0,9.8,Unknown,2
CVE-2016-3976,SAP,2036.0,4.0,7.5,Unknown,4
CVE-2019-16256,SIMalliance,783.0,9.0,9.8,Unknown,2
CVE-2020-10148,SolarWinds,309.0,12.0,9.8,Unknown,2
CVE-2021-35211,SolarWinds,112.0,7.0,10.0,Known,2
CVE-2016-3643,SolarWinds,1965.0,6.0,7.8,Unknown,4
CVE-2020-10199,Sonatype,581.0,4.0,8.8,Unknown,2
CVE-2021-20021,SonicWall,208.0,4.0,9.8,Known,2
CVE-2019-7481,SonicWall,687.0,12.0,7.5,Known,2
CVE-2021-20022,SonicWall,208.0,4.0,7.2,Known,2
CVE-2021-20023,SonicWall,197.0,4.0,4.9,Known,2
CVE-2021-20016,SonicWall,272.0,2.0,9.8,Known,2
CVE-2020-12271,Sophos,555.0,4.0,9.8,Known,2
CVE-2020-10181,Sumavision,602.0,3.0,9.8,Unknown,2
CVE-2017-6327,Symantec,1545.0,8.0,8.8,Unknown,2
CVE-2019-18988,TeamViewer,635.0,2.0,7.0,Unknown,2
CVE-2017-9248,Progress,1584.0,7.0,9.8,Unknown,4
CVE-2021-31755,Tenda,180.0,5.0,9.8,Unknown,2
CVE-2020-10987,Tenda,478.0,7.0,9.8,Unknown,2
CVE-2018-14558,Tenda,1100.0,10.0,9.8,Unknown,2
CVE-2018-20062,ThinkPHP,1058.0,12.0,9.8,Unknown,2
CVE-2019-9082,ThinkPHP,983.0,2.0,8.8,Unknown,2
CVE-2019-18187,Trend Micro,737.0,10.0,7.5,Unknown,2
CVE-2020-8467,Trend Micro,595.0,3.0,8.8,Unknown,2
CVE-2020-8468,Trend Micro,595.0,3.0,8.8,Unknown,2
CVE-2020-24557,Trend Micro,428.0,9.0,7.8,Unknown,2
CVE-2020-8599,Trend Micro,595.0,3.0,9.8,Unknown,2
CVE-2021-36742,Trend Micro,97.0,7.0,7.8,Unknown,2
CVE-2021-36741,Trend Micro,97.0,7.0,8.8,Unknown,2
CVE-2019-20085,TVT,674.0,12.0,7.5,Unknown,2
CVE-2020-5849,Unraid,597.0,3.0,7.5,Unknown,2
CVE-2020-5847,Unraid,597.0,3.0,9.8,Unknown,2
CVE-2019-16759,vBulletin,771.0,9.0,9.8,Unknown,2
CVE-2020-17496,vBulletin,448.0,8.0,9.8,Unknown,2
CVE-2019-5544,VMware,698.0,12.0,9.8,Known,2
CVE-2020-3992,VMware,379.0,10.0,9.8,Known,2
CVE-2020-3950,VMware,596.0,3.0,7.8,Unknown,2
CVE-2021-22005,VMware,41.0,9.0,9.8,Known,2
CVE-2020-3952,VMware,572.0,4.0,9.8,Unknown,2
CVE-2021-21972,VMware,252.0,2.0,9.8,Known,2
CVE-2021-21985,VMware,161.0,5.0,9.8,Known,2
CVE-2020-4006,VMware,345.0,11.0,9.1,Unknown,2
CVE-2020-25213,WordPress,420.0,9.0,9.8,Unknown,2
CVE-2020-11738,WordPress,569.0,4.0,7.5,Unknown,2
CVE-2019-9978,WordPress,955.0,3.0,6.1,Unknown,2
CVE-2021-27561,Yealink,19.0,10.0,9.8,Unknown,2
CVE-2021-40539,Zoho,57.0,9.0,9.8,Known,2
CVE-2020-10189,Zoho,607.0,3.0,9.8,Unknown,2
CVE-2019-8394,Zoho,990.0,2.0,6.5,Unknown,2
CVE-2020-29583,Zyxel,316.0,12.0,9.8,Unknown,2
CVE-2021-22204,Perl,208.0,4.0,7.8,Unknown,1
CVE-2021-40449,Microsoft,35.0,10.0,7.8,Known,1
CVE-2021-42321,Microsoft,7.0,11.0,8.8,Known,1
CVE-2021-42292,Microsoft,7.0,11.0,7.8,Unknown,1
CVE-2020-11261,Qualcomm,175.0,6.0,7.8,Unknown,1
CVE-2018-14847,MikroTik,1217.0,8.0,9.1,Unknown,4
CVE-2021-37415,Zoho,91.0,9.0,9.8,Unknown,2
CVE-2021-40438,Apache,76.0,9.0,9.0,Unknown,3
CVE-2021-44077,Zoho,2.0,11.0,9.8,Unknown,2
CVE-2021-44515,Zoho,-2.0,12.0,9.8,Unknown,2
CVE-2019-13272,Linux,877.0,7.0,7.8,Unknown,1
CVE-2021-35394,Realtek,116.0,8.0,9.8,Unknown,2
CVE-2019-7238,Sonatype,995.0,3.0,9.8,Unknown,2
CVE-2019-0193,Apache,862.0,8.0,7.2,Unknown,3
CVE-2021-44168,Fortinet,-25.0,1.0,7.8,Unknown,1
CVE-2017-17562,Embedthis,1459.0,12.0,8.1,Unknown,3
CVE-2017-12149,Red Hat,1528.0,10.0,9.8,Known,4
CVE-2010-1871,Red Hat,4145.0,8.0,0.0,Unknown,0
CVE-2020-17463,Fuel CMS,484.0,8.0,9.8,Unknown,3
CVE-2020-8816,Pi-hole,560.0,5.0,7.2,Unknown,1
CVE-2019-10758,MongoDB,717.0,12.0,9.9,Unknown,1
CVE-2021-44228,Apache,0.0,12.0,10.0,Known,3
CVE-2021-43890,Microsoft,0.0,12.0,7.1,Unknown,1
CVE-2021-4102,Google,-58.0,2.0,8.8,Unknown,1
CVE-2021-22017,VMware,109.0,9.0,5.3,Unknown,2
CVE-2021-36260,Hikvision,110.0,9.0,9.8,Unknown,1
CVE-2020-6572,Google,361.0,1.0,8.8,Unknown,1
CVE-2019-1458,Microsoft,762.0,12.0,7.8,Known,1
CVE-2013-3900,Microsoft,2952.0,12.0,0.0,Unknown,0
CVE-2019-2725,Oracle,990.0,4.0,9.8,Known,4
CVE-2019-9670,Synacor,957.0,5.0,9.8,Unknown,2
CVE-2018-13382,Fortinet,951.0,6.0,7.5,Known,3
CVE-2018-13383,Fortinet,957.0,5.0,6.5,Known,3
CVE-2019-1579,Palo Alto Networks,906.0,7.0,8.1,Known,4
CVE-2019-10149,Exim,950.0,6.0,9.8,Unknown,3
CVE-2015-7450,IBM,2200.0,1.0,9.8,Unknown,4
CVE-2017-1000486,Primetek,1468.0,1.0,9.8,Unknown,4
CVE-2019-7609,Elastic,1022.0,3.0,10.0,Unknown,3
CVE-2021-27860,FatPipe,33.0,12.0,8.8,Unknown,1
CVE-2021-32648,October CMS,145.0,8.0,9.1,Unknown,1
CVE-2021-25296,Nagios,337.0,2.0,8.8,Unknown,1
CVE-2021-25297,Nagios,337.0,2.0,8.8,Unknown,1
CVE-2021-25298,Nagios,337.0,2.0,8.8,Unknown,1
CVE-2021-40870,Aviatrix,127.0,9.0,9.8,Unknown,3
CVE-2021-33766,Microsoft,188.0,7.0,7.3,Unknown,1
CVE-2021-21975,VMware,293.0,3.0,7.5,Known,2
CVE-2021-21315,Npm package,336.0,2.0,7.8,Unknown,1
CVE-2021-22991,F5,293.0,3.0,9.8,Unknown,3
CVE-2020-14864,Oracle,454.0,10.0,7.5,Unknown,1
CVE-2020-13671,Drupal,424.0,11.0,8.8,Unknown,3
CVE-2020-11978,Apache,550.0,7.0,8.8,Unknown,3
CVE-2020-13927,Apache,434.0,11.0,9.8,Unknown,3
CVE-2006-1547,Apache,5776.0,3.0,0.0,Unknown,0
CVE-2012-0391,Apache,3666.0,1.0,0.0,Unknown,0
CVE-2018-8453,Microsoft,1199.0,10.0,7.8,Known,4
CVE-2021-35247,SolarWinds,11.0,1.0,5.3,Unknown,2
CVE-2022-22587,Apple,-49.0,3.0,9.8,Unknown,3
CVE-2021-20038,SonicWall,51.0,12.0,9.8,Known,2
CVE-2020-5722,Grandstream,676.0,3.0,9.8,Unknown,1
CVE-2020-0787,Microsoft,687.0,3.0,7.8,Known,1
CVE-2017-5689,Intel,1732.0,5.0,9.8,Unknown,4
CVE-2014-1776,Microsoft,2833.0,4.0,0.0,Unknown,0
CVE-2014-6271,GNU,2683.0,9.0,9.8,Unknown,4
CVE-2014-7169,GNU,2682.0,9.0,0.0,Unknown,0
CVE-2022-21882,Microsoft,24.0,1.0,7.8,Unknown,1
CVE-2021-36934,Microsoft,203.0,7.0,7.8,Unknown,1
CVE-2020-0796,Microsoft,700.0,3.0,10.0,Known,1
CVE-2018-1000861,Jenkins,1158.0,12.0,9.8,Unknown,4
CVE-2017-9791,Apache,1676.0,7.0,9.8,Unknown,3
CVE-2017-8464,Microsoft,1701.0,6.0,8.8,Unknown,4
CVE-2017-10271,Oracle,1575.0,10.0,7.5,Known,4
CVE-2017-0263,Microsoft,1735.0,5.0,7.8,Unknown,4
CVE-2017-0262,Microsoft,1735.0,5.0,7.8,Unknown,4
CVE-2017-0145,Microsoft,1791.0,3.0,8.1,Known,4
CVE-2017-0144,Microsoft,1791.0,3.0,8.1,Known,4
CVE-2016-3088,Apache,2080.0,6.0,9.8,Unknown,3
CVE-2015-2051,D-Link,2544.0,2.0,0.0,Unknown,0
CVE-2015-1635,Microsoft,2494.0,4.0,0.0,Unknown,0
CVE-2015-1130,Apple,2498.0,4.0,0.0,Unknown,0
CVE-2014-4404,Apple,2702.0,9.0,0.0,Unknown,0
CVE-2022-22620,Apple,-35.0,3.0,8.8,Unknown,3
CVE-2022-24086,Adobe,-1.0,2.0,9.8,Unknown,3
CVE-2022-0609,Google,-49.0,4.0,8.8,Unknown,1
CVE-2019-0752,Microsoft,1043.0,4.0,7.5,Known,4
CVE-2018-8174,Microsoft,1378.0,5.0,7.5,Known,4
CVE-2018-20250,RARLAB,1106.0,2.0,7.8,Known,4
CVE-2018-15982,Adobe,1124.0,1.0,9.8,Known,3
CVE-2017-9841,PHPUnit,1694.0,6.0,9.8,Unknown,4
CVE-2014-1761,Microsoft,2884.0,3.0,0.0,Unknown,0
CVE-2013-3906,Microsoft,3023.0,11.0,0.0,Unknown,0
CVE-2022-23131,Zabbix,40.0,1.0,9.8,Unknown,2
CVE-2022-23134,Zabbix,40.0,1.0,5.3,Unknown,2
CVE-2022-24682,Zimbra,16.0,2.0,6.1,Known,2
CVE-2017-8570,Microsoft,1690.0,7.0,7.8,Unknown,4
CVE-2017-0222,Microsoft,1750.0,5.0,7.5,Unknown,4
CVE-2014-6352,Microsoft,2683.0,10.0,0.0,Unknown,0
CVE-2022-20708,Cisco,21.0,2.0,9.8,Unknown,3
CVE-2022-20703,Cisco,21.0,2.0,8.4,Unknown,3
CVE-2022-20701,Cisco,21.0,2.0,7.8,Unknown,3
CVE-2022-20700,Cisco,21.0,2.0,9.8,Unknown,3
CVE-2022-20699,Cisco,21.0,2.0,9.8,Unknown,3
CVE-2021-41379,Microsoft,113.0,11.0,5.5,Known,1
CVE-2020-1938,Apache,738.0,2.0,9.8,Unknown,3
CVE-2020-11899,Treck TCP/IP stack,624.0,6.0,5.4,Unknown,2
CVE-2019-16928,Exim,888.0,9.0,9.8,Unknown,3
CVE-2019-1652,Cisco,1134.0,1.0,7.2,Unknown,3
CVE-2019-1297,Microsoft,904.0,9.0,8.8,Unknown,4
CVE-2018-8581,Microsoft,1205.0,11.0,7.4,Known,4
CVE-2018-8298,ChakraCore,1331.0,7.0,7.5,Unknown,3
CVE-2018-0180,Cisco,1436.0,3.0,5.9,Unknown,3
CVE-2018-0179,Cisco,1436.0,3.0,5.9,Unknown,3
CVE-2018-0175,Cisco,1436.0,3.0,8.0,Unknown,3
CVE-2018-0174,Cisco,1436.0,3.0,8.6,Unknown,3
CVE-2018-0173,Cisco,1436.0,3.0,8.6,Unknown,3
CVE-2018-0172,Cisco,1436.0,3.0,8.6,Unknown,3
CVE-2018-0167,Cisco,1436.0,3.0,8.8,Unknown,3
CVE-2018-0161,Cisco,1436.0,3.0,6.3,Unknown,3
CVE-2018-0159,CIsco,1436.0,3.0,7.5,Unknown,3
CVE-2018-0158,Cisco,1436.0,3.0,8.6,Unknown,3
CVE-2018-0156,Cisco,1436.0,3.0,7.5,Unknown,3
CVE-2018-0155,Cisco,1436.0,3.0,8.6,Unknown,3
CVE-2018-0154,Cisco,1436.0,3.0,7.5,Unknown,3
CVE-2018-0151,Cisco,1436.0,3.0,9.8,Unknown,3
CVE-2017-8540,Microsoft,1742.0,5.0,7.8,Unknown,4
CVE-2017-6744,Cisco,1690.0,7.0,8.8,Unknown,3
CVE-2017-6743,Cisco,1690.0,7.0,8.8,Unknown,3
CVE-2017-6740,Cisco,1690.0,7.0,8.8,Unknown,3
CVE-2017-6739,Cisco,1690.0,7.0,8.8,Unknown,3
CVE-2017-6738,Cisco,1690.0,7.0,8.8,Unknown,3
CVE-2017-6737,Cisco,1690.0,7.0,8.8,Unknown,3
CVE-2017-6736,Cisco,1690.0,7.0,8.8,Unknown,3
CVE-2017-6663,Cisco,1669.0,8.0,6.5,Unknown,3
CVE-2017-6627,Cisco,1638.0,9.0,7.5,Unknown,3
CVE-2017-12319,Cisco,1437.0,3.0,5.9,Unknown,3
CVE-2017-12240,Cisco,1616.0,9.0,9.8,Unknown,3
CVE-2017-12238,Cisco,1616.0,9.0,6.5,Unknown,3
CVE-2017-12237,Cisco,1616.0,9.0,7.5,Unknown,3
CVE-2017-12235,Cisco,1616.0,9.0,7.5,Unknown,3
CVE-2017-12234,Cisco,1616.0,9.0,7.5,Unknown,3
CVE-2017-12233,Cisco,1616.0,9.0,7.5,Unknown,3
CVE-2017-12232,Cisco,1616.0,9.0,6.5,Unknown,3
CVE-2017-12231,Cisco,1616.0,9.0,7.5,Unknown,3
CVE-2017-11826,Microsoft,1602.0,10.0,7.8,Unknown,4
CVE-2017-11292,Adobe,1593.0,10.0,8.8,Unknown,3
CVE-2017-0261,Microsoft,1756.0,5.0,7.8,Unknown,4
CVE-2017-0001,Microsoft,1812.0,3.0,7.8,Unknown,4
CVE-2016-8562,Siemens,1931.0,11.0,5.3,Unknown,4
CVE-2016-7855,Adobe,1948.0,11.0,8.8,Unknown,3
CVE-2016-7262,Microsoft,1899.0,12.0,7.8,Unknown,4
CVE-2016-7193,Microsoft,1966.0,10.0,7.8,Unknown,4
CVE-2016-5195,Linux,1939.0,11.0,7.8,Unknown,4
CVE-2016-4117,Adobe,2122.0,5.0,9.8,Unknown,3
CVE-2016-1019,Adobe,2156.0,4.0,9.8,Known,3
CVE-2016-0099,Microsoft,2185.0,3.0,7.8,Known,4
CVE-2015-7645,Adobe,2331.0,10.0,0.0,Unknown,0
CVE-2015-5119,Adobe,2430.0,7.0,0.0,Unknown,0
CVE-2015-4902,Oracle,2324.0,10.0,0.0,Unknown,0
CVE-2015-3043,Adobe,2515.0,4.0,0.0,Unknown,0
CVE-2015-2590,Oracle,2422.0,7.0,0.0,Unknown,0
CVE-2015-2545,Microsoft,2367.0,9.0,0.0,Unknown,0
CVE-2015-2424,Microsoft,2424.0,7.0,0.0,Unknown,0
CVE-2015-2387,Microsoft,2424.0,7.0,0.0,Unknown,0
CVE-2015-1701,Microsoft,2508.0,4.0,0.0,Known,0
CVE-2015-1642,Microsoft,2392.0,8.0,0.0,Unknown,0
CVE-2014-4114,Microsoft,2696.0,10.0,0.0,Unknown,0
CVE-2014-0496,Adobe,2969.0,1.0,0.0,Unknown,0
CVE-2013-5065,Microsoft,3017.0,11.0,0.0,Unknown,0
CVE-2013-3897,Microsoft,3067.0,10.0,0.0,Unknown,0
CVE-2013-3346,Adobe,3107.0,8.0,0.0,Unknown,0
CVE-2013-1675,Mozilla,3213.0,5.0,0.0,Unknown,0
CVE-2013-1347,Microsoft,3224.0,5.0,0.0,Unknown,0
CVE-2013-0641,Adobe,3304.0,2.0,0.0,Unknown,0
CVE-2013-0640,Adobe,3304.0,2.0,0.0,Unknown,0
CVE-2013-0632,Adobe,3332.0,1.0,0.0,Unknown,0
CVE-2012-4681,Oracle,3474.0,8.0,0.0,Unknown,0
CVE-2012-1856,Microsoft,3487.0,8.0,0.0,Unknown,0
CVE-2012-1723,Oracle,3547.0,6.0,0.0,Known,0
CVE-2012-1535,Adobe,3487.0,8.0,0.0,Unknown,0
CVE-2012-0507,Oracle,3556.0,6.0,0.0,Known,0
CVE-2011-3544,Oracle,3788.0,10.0,0.0,Unknown,0
CVE-2011-1889,Microsoft,3913.0,6.0,0.0,Unknown,0
CVE-2011-0611,Adobe,3977.0,4.0,0.0,Unknown,0
CVE-2010-3333,Microsoft,4131.0,11.0,0.0,Unknown,0
CVE-2010-0232,Microsoft,4424.0,1.0,0.0,Unknown,0
CVE-2010-0188,Adobe,4392.0,2.0,0.0,Known,0
CVE-2009-3129,Microsoft,4495.0,11.0,0.0,Unknown,0
CVE-2009-1123,Microsoft,4649.0,6.0,0.0,Unknown,0
CVE-2008-3431,Oracle,4958.0,8.0,0.0,Unknown,0
CVE-2008-2992,Adobe,4867.0,11.0,0.0,Unknown,0
CVE-2004-0210,Microsoft,6418.0,8.0,0.0,Unknown,0
CVE-2002-0367,Microsoft,7191.0,6.0,0.0,Unknown,0
CVE-2022-26486,Mozilla,-290.0,12.0,9.6,Unknown,1
CVE-2022-26485,Mozilla,-290.0,12.0,8.8,Unknown,1
CVE-2021-21973,VMware,376.0,2.0,5.3,Unknown,2
CVE-2020-8218,Pulse Secure,585.0,7.0,7.2,Unknown,1
CVE-2019-11581,Atlassian,941.0,8.0,9.8,Unknown,3
CVE-2017-6077,NETGEAR,1839.0,2.0,9.8,Unknown,4
CVE-2016-6277,NETGEAR,1909.0,12.0,8.8,Unknown,4
CVE-2013-0631,Adobe,3344.0,1.0,0.0,Unknown,0
CVE-2013-0629,Adobe,3344.0,1.0,0.0,Unknown,0
CVE-2013-0625,Adobe,3344.0,1.0,0.0,Unknown,0
CVE-2009-3960,Adobe,4403.0,2.0,0.0,Known,0
CVE-2020-5135,SonicWall,519.0,10.0,9.8,Unknown,2
CVE-2019-1405,Microsoft,854.0,11.0,7.8,Known,1
CVE-2019-1322,Microsoft,887.0,10.0,7.8,Known,1
CVE-2019-1315,Microsoft,887.0,10.0,7.8,Known,1
CVE-2019-1253,Microsoft,916.0,9.0,7.8,Known,4
CVE-2019-1132,Microsoft,974.0,7.0,7.8,Unknown,4
CVE-2019-1129,Microsoft,974.0,7.0,7.8,Known,4
CVE-2019-1069,Microsoft,1007.0,6.0,7.8,Known,4
CVE-2019-1064,Microsoft,1007.0,6.0,7.8,Known,4
CVE-2019-0841,Microsoft,1071.0,4.0,7.8,Known,4
CVE-2019-0543,Microsoft,1162.0,1.0,7.8,Known,4
CVE-2018-8120,Microsoft,1406.0,5.0,7.0,Known,4
CVE-2017-0101,Microsoft,1824.0,3.0,7.8,Known,4
CVE-2016-3309,Microsoft,2044.0,8.0,7.8,Known,4
CVE-2015-2546,Microsoft,2379.0,9.0,0.0,Known,0
CVE-2022-26318,WatchGuard,21.0,3.0,9.8,Unknown,2
CVE-2022-26143,Mitel,15.0,3.0,9.8,Unknown,1
CVE-2022-21999,Microsoft,44.0,2.0,7.8,Unknown,1
CVE-2021-42237,Sitecore,140.0,11.0,9.8,Known,2
CVE-2021-22941,Citrix,183.0,9.0,9.8,Known,3
CVE-2020-9377,D-Link,624.0,7.0,8.8,Unknown,3
CVE-2020-9054,Zyxel,751.0,3.0,9.8,Unknown,2
CVE-2020-7247,OpenBSD,786.0,1.0,9.8,Unknown,1
CVE-2020-5410,VMware Tanzu,661.0,6.0,7.5,Unknown,2
CVE-2020-25223,Sophos,546.0,9.0,9.8,Unknown,2
CVE-2020-2506,QNAP Systems,415.0,2.0,9.8,Unknown,1
CVE-2020-2021,Palo Alto Networks,634.0,6.0,10.0,Known,1
CVE-2020-1956,Apache,672.0,5.0,8.8,Unknown,3
CVE-2020-1631,Juniper,690.0,5.0,9.8,Unknown,1
CVE-2019-6340,Drupal,1128.0,2.0,8.1,Unknown,3
CVE-2019-2616,Oracle,1067.0,4.0,7.2,Unknown,4
CVE-2019-16920,D-Link,910.0,9.0,9.8,Unknown,3
CVE-2019-15107,Webmin,952.0,8.0,9.8,Unknown,2
CVE-2019-12991,Citrix,983.0,7.0,8.8,Unknown,3
CVE-2019-12989,Citrix,983.0,7.0,9.8,Unknown,3
CVE-2019-11043,PHP,879.0,10.0,9.8,Known,4
CVE-2019-10068,Kentico,1095.0,3.0,9.8,Unknown,4
CVE-2019-1003030,Jenkins,1113.0,3.0,9.9,Unknown,4
CVE-2019-0903,Microsoft,1044.0,5.0,8.8,Unknown,4
CVE-2018-8414,Microsoft,1318.0,8.0,8.8,Unknown,4
CVE-2018-8373,Microsoft,1318.0,8.0,7.5,Unknown,4
CVE-2018-6961,VMware,1383.0,6.0,8.1,Unknown,2
CVE-2018-14839,LG,1046.0,5.0,9.8,Unknown,4
CVE-2018-1273,VMware Tanzu,1444.0,4.0,9.8,Known,2
CVE-2018-11138,Quest,1394.0,5.0,9.8,Known,4
CVE-2018-0147,Cisco,1478.0,3.0,9.8,Unknown,3
CVE-2018-0125,Cisco,1506.0,2.0,9.8,Unknown,3
CVE-2017-6334,NETGEAR,1845.0,3.0,8.8,Unknown,4
CVE-2017-6316,Citrix,1709.0,7.0,9.8,Unknown,3
CVE-2017-3881,Cisco,1834.0,3.0,9.8,Unknown,3
CVE-2017-12617,Apache,1633.0,10.0,8.1,Unknown,3
CVE-2017-12615,Apache,1648.0,9.0,8.1,Known,3
CVE-2017-0146,Microsoft,1834.0,3.0,8.1,Known,4
CVE-2016-7892,Adobe,1926.0,12.0,8.8,Unknown,3
CVE-2016-4171,Adobe,2108.0,6.0,9.8,Unknown,3
CVE-2016-1555,NETGEAR,1799.0,4.0,9.8,Unknown,4
CVE-2016-11021,D-Link,746.0,3.0,7.2,Unknown,3
CVE-2016-10174,NETGEAR,1880.0,1.0,9.8,Unknown,4
CVE-2016-0752,Rails,2229.0,2.0,7.5,Unknown,4
CVE-2015-4068,Arcserve,2492.0,5.0,0.0,Unknown,0
CVE-2015-3035,TP-Link,2529.0,4.0,0.0,Unknown,0
CVE-2015-1427,Elastic,2593.0,2.0,0.0,Unknown,0
CVE-2015-1187,D-Link and TRENDnet,1646.0,9.0,9.8,Unknown,3
CVE-2015-0666,Cisco,2548.0,4.0,0.0,Unknown,0
CVE-2014-6332,Microsoft,2691.0,11.0,0.0,Unknown,0
CVE-2014-6324,Microsoft,2684.0,11.0,0.0,Unknown,0
CVE-2014-6287,Rejetto,2726.0,10.0,9.8,Unknown,4
CVE-2014-3120,Elastic,2797.0,7.0,0.0,Unknown,0
CVE-2014-0130,Rails,2879.0,5.0,0.0,Unknown,0
CVE-2013-5223,D-Link,3048.0,11.0,0.0,Unknown,0
CVE-2013-4810,Hewlett Packard (HP),3112.0,9.0,0.0,Unknown,0
CVE-2013-2251,Apache,3170.0,7.0,0.0,Unknown,0
CVE-2012-1823,PHP,3605.0,5.0,0.0,Unknown,0
CVE-2010-4345,Exim,4119.0,12.0,0.0,Unknown,0
CVE-2010-4344,Exim,4119.0,12.0,0.0,Unknown,0
CVE-2010-3035,Cisco,4225.0,8.0,0.0,Unknown,0
CVE-2010-2861,Adobe,4244.0,8.0,0.0,Known,0
CVE-2009-2055,Cisco,4601.0,8.0,0.0,Unknown,0
CVE-2009-1151,phpMyAdmin,4747.0,3.0,0.0,Unknown,0
CVE-2009-0927,Adobe,4754.0,3.0,0.0,Unknown,0
CVE-2005-2773,Hewlett Packard (HP),6048.0,9.0,0.0,Unknown,0
CVE-2022-1096,Google,-117.0,7.0,8.8,Unknown,1
CVE-2022-0543,Redis,38.0,2.0,10.0,Unknown,2
CVE-2021-38646,Microsoft,194.0,9.0,7.8,Known,1
CVE-2021-34486,Microsoft,228.0,8.0,7.8,Unknown,1
CVE-2021-26085,Atlassian,237.0,8.0,5.3,Known,3
CVE-2021-20028,SonicWall,236.0,8.0,9.8,Known,2
CVE-2019-7483,SonicWall,830.0,12.0,7.5,Unknown,2
CVE-2018-8440,Microsoft,1292.0,9.0,7.8,Known,4
CVE-2018-8406,Microsoft,1321.0,8.0,7.8,Known,4
CVE-2018-8405,Microsoft,1321.0,8.0,7.8,Known,4
CVE-2017-0213,Microsoft,1781.0,5.0,4.7,Known,4
CVE-2017-0059,Microsoft,1837.0,3.0,4.3,Unknown,4
CVE-2017-0037,Microsoft,1856.0,2.0,8.1,Unknown,4
CVE-2016-7201,Microsoft,1964.0,11.0,7.5,Unknown,4
CVE-2016-7200,Microsoft,1964.0,11.0,7.5,Unknown,4
CVE-2016-0189,Microsoft,2147.0,5.0,7.5,Unknown,4
CVE-2016-0151,Microsoft,2176.0,4.0,7.8,Known,4
CVE-2016-0040,Microsoft,2238.0,2.0,7.8,Unknown,4
CVE-2015-2426,Microsoft,2443.0,7.0,0.0,Unknown,0
CVE-2015-2419,Microsoft,2449.0,7.0,0.0,Unknown,0
CVE-2015-1770,Microsoft,2483.0,6.0,0.0,Unknown,0
CVE-2013-3660,Microsoft,3230.0,5.0,0.0,Unknown,0
CVE-2013-2729,Adobe,3238.0,5.0,0.0,Unknown,0
CVE-2013-2551,Microsoft,3304.0,3.0,0.0,Known,0
CVE-2013-2465,Oracle,3205.0,6.0,0.0,Known,0
CVE-2013-1690,Mozilla,3197.0,6.0,0.0,Unknown,0
CVE-2012-5076,Oracle,3450.0,10.0,0.0,Unknown,0
CVE-2012-2539,Microsoft,3393.0,12.0,0.0,Unknown,0
CVE-2012-2034,Adobe,3579.0,6.0,0.0,Unknown,0
CVE-2012-0518,Oracle,3450.0,10.0,0.0,Unknown,0
CVE-2011-2005,Microsoft,3820.0,10.0,0.0,Unknown,0
CVE-2010-4398,Microsoft,4130.0,12.0,0.0,Unknown,0
CVE-2022-26871,Trend Micro,2.0,3.0,9.8,Unknown,2
CVE-2022-1040,Sophos,6.0,3.0,9.8,Unknown,2
CVE-2021-34484,Microsoft,231.0,8.0,7.8,Unknown,1
CVE-2021-28799,QNAP,322.0,5.0,9.8,Known,1
CVE-2021-21551,Dell,331.0,5.0,7.8,Unknown,3
CVE-2018-10562,Dasan,1427.0,5.0,9.8,Known,3
CVE-2018-10561,Dasan,1427.0,5.0,9.8,Unknown,3
CVE-2022-22965,VMware,3.0,4.0,9.8,Unknown,2
CVE-2022-22675,Apple,-52.0,5.0,7.8,Unknown,3
CVE-2022-22674,Apple,-52.0,5.0,5.5,Unknown,3
CVE-2021-45382,D-Link,46.0,2.0,9.8,Unknown,3
CVE-2021-3156,Sudo,435.0,1.0,7.8,Unknown,2
CVE-2021-31166,Microsoft,330.0,5.0,9.8,Unknown,1
CVE-2017-0148,Microsoft,1846.0,3.0,8.1,Known,4
CVE-2022-23176,WatchGuard,46.0,2.0,8.8,Unknown,2
CVE-2021-42287,Microsoft,152.0,11.0,7.5,Known,1
CVE-2021-42278,Microsoft,152.0,11.0,7.5,Known,1
CVE-2021-39793,Google,26.0,3.0,7.8,Unknown,1
CVE-2021-27852,Checkbox,319.0,5.0,9.8,Unknown,3
CVE-2021-22600,Linux,75.0,1.0,7.0,Unknown,1
CVE-2020-2509,QNAP,359.0,4.0,9.8,Unknown,1
CVE-2017-11317,Telerik,1692.0,8.0,9.8,Unknown,2
CVE-2022-24521,Microsoft,-2.0,4.0,7.8,Known,1
CVE-2018-7602,Drupal,1364.0,7.0,9.8,Known,3
CVE-2018-20753,Kaseya,1163.0,2.0,9.8,Known,4
CVE-2015-5123,Adobe,2465.0,7.0,0.0,Unknown,0
CVE-2015-5122,Adobe,2465.0,7.0,0.0,Unknown,0
CVE-2015-3113,Adobe,2486.0,6.0,0.0,Unknown,0
CVE-2015-2502,Microsoft,2429.0,8.0,0.0,Unknown,0
CVE-2015-0313,Adobe,2627.0,2.0,0.0,Unknown,0
CVE-2015-0311,Adobe,2637.0,1.0,0.0,Unknown,0
CVE-2014-9163,Adobe,2681.0,12.0,0.0,Unknown,0
CVE-2022-22954,VMware,3.0,4.0,9.8,Known,2
CVE-2022-22960,VMware,2.0,4.0,7.8,Unknown,2
CVE-2022-1364,Google,-102.0,7.0,8.8,Unknown,1
CVE-2019-3929,Crestron,1081.0,4.0,9.8,Unknown,3
CVE-2019-16057,D-Link,942.0,9.0,9.8,Known,3
CVE-2018-7841,Schneider Electric,1059.0,5.0,9.8,Unknown,2
CVE-2016-4523,Trihedral,2136.0,6.0,7.5,Unknown,2
CVE-2014-0780,InduSoft,2912.0,4.0,0.0,Unknown,0
CVE-2010-5330,Ubiquiti,1039.0,6.0,9.8,Unknown,2
CVE-2007-3010,Alcatel,5323.0,9.0,0.0,Unknown,0
CVE-2018-6882,Zimbra,1484.0,3.0,6.1,Known,2
CVE-2019-3568,Meta Platforms,1071.0,5.0,9.8,Unknown,4
CVE-2022-22718,Microsoft,69.0,2.0,7.8,Unknown,1
CVE-2022-29464,WSO2,7.0,4.0,9.8,Known,2
CVE-2022-26904,Microsoft,10.0,4.0,7.0,Unknown,1
CVE-2022-21919,Microsoft,104.0,1.0,7.0,Unknown,1
CVE-2022-0847,Linux,46.0,3.0,7.8,Unknown,1
CVE-2021-41357,Microsoft,194.0,10.0,7.8,Unknown,1
CVE-2021-40450,Microsoft,194.0,10.0,7.8,Unknown,1
CVE-2019-1003029,Jenkins,1144.0,3.0,9.9,Unknown,4
CVE-2021-1789,Apple,397.0,4.0,8.8,Unknown,3
CVE-2019-8506,Apple,868.0,12.0,8.8,Unknown,3
CVE-2014-4113,Microsoft,2758.0,10.0,0.0,Unknown,0
CVE-2014-0322,Microsoft,3001.0,2.0,0.0,Unknown,0
CVE-2014-0160,OpenSSL,2949.0,4.0,7.5,Unknown,4
CVE-2022-1388,F5,5.0,5.0,9.8,Known,3
CVE-2022-30525,Zyxel,4.0,5.0,9.8,Unknown,2
CVE-2022-22947,VMware,74.0,3.0,10.0,Unknown,2
CVE-2022-20821,Cisco,-3.0,5.0,6.5,Unknown,3
CVE-2021-1048,Android,159.0,12.0,7.8,Unknown,3
CVE-2021-0920,Android,159.0,12.0,6.4,Unknown,3
CVE-2021-30883,Apple,272.0,8.0,7.8,Unknown,3
CVE-2020-1027,Microsoft,768.0,4.0,7.8,Unknown,1
CVE-2020-0638,Microsoft,860.0,1.0,7.8,Known,1
CVE-2019-7286,Apple,887.0,12.0,7.8,Unknown,3
CVE-2019-7287,Apple,887.0,12.0,7.8,Unknown,3
CVE-2019-0676,Microsoft,1175.0,3.0,6.5,Unknown,4
CVE-2019-5786,Google,1061.0,6.0,6.5,Unknown,4
CVE-2019-0703,Microsoft,1140.0,4.0,6.5,Unknown,4
CVE-2019-0880,Microsoft,1043.0,7.0,7.8,Unknown,4
CVE-2019-13720,Google,910.0,11.0,8.8,Unknown,3
CVE-2019-11707,Mozilla,1035.0,7.0,8.8,Unknown,4
CVE-2019-11708,Mozilla,1035.0,7.0,10.0,Unknown,4
CVE-2019-8720,WebKitGTK,-287.0,3.0,8.8,Unknown,2
CVE-2019-18426,Meta Platforms,853.0,1.0,8.2,Unknown,1
CVE-2019-1385,Microsoft,923.0,11.0,7.8,Known,4
CVE-2019-1130,Microsoft,1043.0,7.0,7.8,Known,4
CVE-2018-5002,Adobe,1414.0,7.0,9.8,Unknown,3
CVE-2018-8589,Microsoft,1286.0,11.0,7.8,Unknown,4
CVE-2018-8611,Microsoft,1259.0,12.0,7.8,Unknown,4
CVE-2018-19953,QNAP,573.0,10.0,6.1,Known,1
CVE-2018-19949,QNAP,573.0,10.0,9.8,Known,1
CVE-2018-19943,QNAP,573.0,10.0,5.4,Known,1
CVE-2017-0147,Microsoft,1894.0,3.0,5.9,Known,4
CVE-2017-0022,Microsoft,1894.0,3.0,4.3,Unknown,4
CVE-2017-0005,Microsoft,1894.0,3.0,7.0,Unknown,4
CVE-2017-0149,Microsoft,1894.0,3.0,7.5,Unknown,4
CVE-2017-0210,Microsoft,1868.0,4.0,4.3,Unknown,4
CVE-2017-8291,Artifex,1853.0,4.0,7.8,Unknown,3
CVE-2017-8543,Microsoft,1804.0,6.0,9.8,Unknown,4
CVE-2017-18362,Kaseya,1204.0,2.0,9.8,Known,4
CVE-2016-0162,Microsoft,2233.0,4.0,4.3,Unknown,4
CVE-2016-3351,Microsoft,2078.0,9.0,3.1,Known,0
CVE-2016-4655,Apple,2098.0,8.0,5.5,Unknown,3
CVE-2016-4656,Apple,2098.0,8.0,7.8,Unknown,3
CVE-2016-4657,Apple,2098.0,8.0,8.8,Unknown,3
CVE-2016-6366,Cisco,2105.0,8.0,8.8,Unknown,3
CVE-2016-6367,Cisco,2105.0,8.0,7.8,Unknown,3
CVE-2016-3298,Microsoft,2048.0,10.0,5.3,Unknown,4
CVE-2019-3010,Oracle,952.0,10.0,8.8,Unknown,4
CVE-2016-3393,Microsoft,2049.0,10.0,7.8,Unknown,4
CVE-2016-7256,Microsoft,2022.0,11.0,8.8,Unknown,4
CVE-2016-1010,Adobe,2265.0,3.0,8.8,Unknown,3
CVE-2016-0984,Adobe,2296.0,2.0,8.8,Unknown,3
CVE-2016-0034,Microsoft,2324.0,1.0,8.8,Known,4
CVE-2015-0310,Adobe,2679.0,1.0,0.0,Unknown,0
CVE-2015-0016,Microsoft,2689.0,1.0,0.0,Unknown,0
CVE-2015-0071,Microsoft,2660.0,2.0,0.0,Unknown,0
CVE-2015-2360,Microsoft,2541.0,6.0,0.0,Unknown,0
CVE-2015-2425,Microsoft,2507.0,7.0,0.0,Unknown,0
CVE-2015-1769,Microsoft,2475.0,8.0,0.0,Unknown,0
CVE-2015-4495,Mozilla,2482.0,8.0,0.0,Unknown,0
CVE-2015-8651,Adobe,2340.0,12.0,8.8,Unknown,3
CVE-2015-6175,Microsoft,2359.0,12.0,0.0,Unknown,0
CVE-2015-1671,Microsoft,2569.0,5.0,0.0,Unknown,0
CVE-2014-4148,Microsoft,2779.0,10.0,0.0,Unknown,0
CVE-2014-8439,Adobe,2738.0,11.0,0.0,Unknown,0
CVE-2014-4123,Microsoft,2779.0,10.0,0.0,Unknown,0
CVE-2014-0546,Adobe,2843.0,8.0,0.0,Unknown,0
CVE-2014-2817,Microsoft,2843.0,8.0,0.0,Unknown,0
CVE-2014-4077,Microsoft,2752.0,11.0,0.0,Unknown,0
CVE-2014-3153,Linux,2909.0,6.0,0.0,Unknown,0
CVE-2013-7331,Microsoft,3010.0,2.0,0.0,Unknown,0
CVE-2013-3993,IBM,2879.0,7.0,0.0,Known,0
CVE-2013-3896,Microsoft,3150.0,10.0,0.0,Unknown,0
CVE-2013-2423,Oracle,3325.0,4.0,0.0,Unknown,0
CVE-2013-0431,Oracle,3401.0,1.0,0.0,Known,0
CVE-2013-0422,Oracle,3422.0,1.0,0.0,Unknown,0
CVE-2013-0074,Microsoft,3360.0,3.0,0.0,Known,0
CVE-2012-1710,Oracle,3674.0,5.0,0.0,Unknown,0
CVE-2010-1428,Red Hat,4410.0,4.0,0.0,Known,0
CVE-2010-0840,Oracle,4437.0,4.0,0.0,Unknown,0
CVE-2010-0738,Red Hat,4410.0,4.0,0.0,Known,0
CVE-2022-26134,Atlassian,-1.0,6.0,9.8,Known,3
CVE-2019-7195,QNAP,916.0,12.0,9.8,Known,4
CVE-2019-7194,QNAP,916.0,12.0,9.8,Known,4
CVE-2019-7193,QNAP,916.0,12.0,9.8,Known,4
CVE-2019-7192,QNAP,916.0,12.0,9.8,Known,4
CVE-2019-5825,Google,926.0,11.0,6.5,Unknown,1
CVE-2019-15271,Cisco,925.0,11.0,8.8,Unknown,3
CVE-2018-6065,Google,1302.0,11.0,8.8,Unknown,4
CVE-2018-4990,Adobe,1430.0,7.0,8.8,Unknown,3
CVE-2018-17480,Google,1275.0,12.0,8.8,Unknown,4
CVE-2018-17463,Google,1302.0,11.0,8.8,Unknown,4
CVE-2017-6862,NETGEAR,1839.0,5.0,9.8,Unknown,4
CVE-2017-5070,Google,1685.0,10.0,8.8,Unknown,4
CVE-2017-5030,Google,1871.0,4.0,8.8,Unknown,4
CVE-2016-5198,Google,1966.0,1.0,8.8,Unknown,4
CVE-2016-1646,Google,2262.0,3.0,8.8,Unknown,4
CVE-2013-1331,Microsoft,3283.0,6.0,0.0,Unknown,0
CVE-2012-5054,Adobe,3544.0,9.0,0.0,Unknown,0
CVE-2012-4969,Microsoft,3550.0,9.0,0.0,Unknown,0
CVE-2012-1889,Microsoft,3647.0,6.0,0.0,Unknown,0
CVE-2012-0767,Adobe,3765.0,2.0,0.0,Unknown,0
CVE-2012-0754,Adobe,3765.0,2.0,0.0,Unknown,0
CVE-2012-0151,Microsoft,3711.0,4.0,0.0,Unknown,0
CVE-2011-2462,Adobe,3836.0,12.0,0.0,Unknown,0
CVE-2011-0609,Adobe,4103.0,3.0,0.0,Unknown,0
CVE-2010-2883,Adobe,4290.0,9.0,0.0,Unknown,0
CVE-2010-2572,Microsoft,4228.0,11.0,0.0,Unknown,0
CVE-2010-1297,Adobe,4383.0,6.0,0.0,Unknown,0
CVE-2009-4324,Adobe,4558.0,12.0,0.0,Unknown,0
CVE-2009-3953,Adobe,4529.0,1.0,0.0,Unknown,0
CVE-2009-1862,Adobe,4703.0,7.0,0.0,Unknown,0
CVE-2009-0563,Microsoft,4746.0,6.0,0.0,Unknown,0
CVE-2009-0557,Microsoft,4746.0,6.0,0.0,Unknown,0
CVE-2008-0655,Adobe,5235.0,2.0,0.0,Unknown,0
CVE-2007-5659,Adobe,5230.0,2.0,0.0,Unknown,0
CVE-2006-2492,Microsoft,5863.0,5.0,0.0,Unknown,0
CVE-2021-38163,SAP,268.0,9.0,8.8,Unknown,2
CVE-2016-2386,SAP,2305.0,2.0,9.8,Unknown,4
CVE-2016-2388,SAP,2305.0,2.0,5.3,Unknown,4
CVE-2022-30190,Microsoft,13.0,6.0,7.8,Unknown,1
CVE-2022-29499,Mitel,62.0,4.0,9.8,Known,1
CVE-2021-30533,Google,385.0,6.0,6.5,Unknown,1
CVE-2021-4034,Red Hat,150.0,1.0,7.8,Unknown,2
CVE-2021-30983,Apple,307.0,8.0,7.8,Unknown,3
CVE-2020-3837,Apple,851.0,2.0,7.8,Unknown,3
CVE-2020-9907,Apple,619.0,10.0,7.8,Unknown,3
CVE-2019-8605,Apple,922.0,12.0,7.8,Unknown,3
CVE-2018-4344,Apple,1181.0,4.0,7.8,Unknown,3
CVE-2022-26925,Microsoft,52.0,5.0,5.9,Unknown,1
CVE-2022-22047,Microsoft,0.0,7.0,7.8,Unknown,1
CVE-2022-26138,Atlassian,9.0,7.0,9.8,Unknown,3
CVE-2022-27924,Zimbra,105.0,4.0,7.5,Unknown,2
CVE-2022-34713,Microsoft,0.0,8.0,7.8,Unknown,1
CVE-2022-30333,RARLAB,92.0,5.0,7.5,Unknown,1
CVE-2022-27925,Zimbra,112.0,4.0,7.2,Unknown,2
CVE-2022-37042,Zimbra,-1.0,8.0,9.8,Unknown,2
CVE-2022-22536,SAP,190.0,2.0,10.0,Unknown,2
CVE-2022-32894,Apple,-6.0,8.0,7.8,Unknown,3
CVE-2022-32893,Apple,-6.0,8.0,8.8,Unknown,3
CVE-2022-2856,Google,-39.0,9.0,6.5,Unknown,1
CVE-2022-26923,Microsoft,100.0,5.0,8.8,Unknown,1
CVE-2022-21971,Microsoft,190.0,2.0,7.8,Unknown,1
CVE-2017-15944,Palo Alto Networks,1711.0,12.0,9.8,Unknown,4
CVE-2022-0028,Palo Alto Networks,12.0,8.0,8.6,Unknown,1
CVE-2022-26352,dotCMS,39.0,7.0,9.8,Known,2
CVE-2022-24706,Apache,121.0,4.0,9.8,Unknown,3
CVE-2022-24112,Apache,195.0,2.0,9.8,Unknown,3
CVE-2022-22963,VMware Tanzu,146.0,4.0,9.8,Unknown,2
CVE-2022-2294,WebRTC,28.0,7.0,8.8,Unknown,2
CVE-2021-39226,Grafana Labs,324.0,10.0,7.3,Unknown,1
CVE-2021-38406,Delta Electronics,342.0,9.0,7.8,Unknown,3
CVE-2021-31010,Apple,366.0,8.0,7.5,Unknown,3
CVE-2020-36193,PEAR,584.0,1.0,7.5,Unknown,1
CVE-2020-28949,PEAR,644.0,11.0,7.8,Unknown,1
CVE-2022-3075,Google,-18.0,9.0,9.6,Unknown,1
CVE-2022-27593,QNAP,0.0,9.0,9.1,Known,1
CVE-2022-26258,D-Link,164.0,3.0,9.8,Unknown,3
CVE-2020-9934,Apple,692.0,10.0,5.5,Unknown,3
CVE-2018-7445,MikroTik,1634.0,3.0,9.8,Unknown,4
CVE-2018-6530,D-Link,1647.0,3.0,9.8,Known,3
CVE-2018-2628,Oracle,1603.0,4.0,9.8,Unknown,4
CVE-2018-13374,Fortinet,1325.0,1.0,8.8,Known,3
CVE-2017-5521,NETGEAR,2060.0,1.0,8.1,Unknown,4
CVE-2011-4723,D-Link,3915.0,12.0,0.0,Unknown,0
CVE-2011-1823,Android,4109.0,6.0,0.0,Unknown,0
CVE-2022-37969,Microsoft,1.0,9.0,7.8,Unknown,1
CVE-2022-32917,Apple,-6.0,9.0,7.8,Unknown,3
CVE-2022-40139,Trend Micro,-4.0,9.0,7.2,Unknown,2
CVE-2013-6282,Linux,3221.0,11.0,0.0,Unknown,0
CVE-2013-2597,Code Aurora,2937.0,8.0,0.0,Unknown,0
CVE-2013-2596,Linux,3442.0,4.0,0.0,Unknown,0
CVE-2013-2094,Linux,3411.0,5.0,0.0,Unknown,0
CVE-2010-2568,Microsoft,4438.0,7.0,0.0,Unknown,0
CVE-2022-35405,Zoho,65.0,7.0,9.8,Unknown,2
CVE-2022-3236,Sophos,0.0,9.0,9.8,Unknown,2
CVE-2022-41082,Microsoft,-3.0,10.0,8.0,Known,1
CVE-2022-41040,Microsoft,-3.0,10.0,8.8,Known,1
CVE-2022-36804,Atlassian,36.0,8.0,8.8,Unknown,3
CVE-2022-40684,Fortinet,-7.0,10.0,9.8,Known,1
CVE-2022-41033,Microsoft,0.0,10.0,7.8,Unknown,1
CVE-2022-41352,Zimbra,24.0,9.0,9.8,Unknown,2
CVE-2021-3493,Linux,551.0,4.0,7.8,Unknown,1
CVE-2020-3433,Cisco,798.0,8.0,7.8,Known,3
CVE-2020-3153,Cisco,978.0,2.0,6.5,Known,3
CVE-2018-19323,GIGABYTE,1403.0,12.0,9.8,Known,4
CVE-2018-19322,GIGABYTE,1403.0,12.0,7.8,Known,4
CVE-2018-19321,GIGABYTE,1403.0,12.0,7.8,Known,4
CVE-2018-19320,GIGABYTE,1403.0,12.0,7.8,Known,4
CVE-2022-42827,Apple,-7.0,11.0,7.8,Unknown,3
CVE-2022-3723,Google,-4.0,11.0,8.8,Unknown,1
CVE-2022-41091,Microsoft,-1.0,11.0,5.4,Unknown,1
CVE-2022-41073,Microsoft,-1.0,11.0,7.8,Known,1
CVE-2022-41125,Microsoft,-1.0,11.0,7.8,Unknown,1
CVE-2022-41128,Microsoft,-1.0,11.0,8.8,Unknown,1
CVE-2021-25337,Samsung,614.0,3.0,7.1,Unknown,2
CVE-2021-25369,Samsung,592.0,3.0,5.5,Unknown,2
CVE-2021-25370,Samsung,592.0,3.0,4.4,Unknown,2
CVE-2022-41049,Microsoft,5.0,11.0,5.4,Unknown,1
CVE-2021-35587,Oracle,313.0,1.0,9.8,Unknown,1
CVE-2022-4135,Google,3.0,11.0,9.6,Unknown,1
CVE-2022-4262,Google,3.0,12.0,8.8,Unknown,1
CVE-2022-42475,Fortinet,-20.0,1.0,9.8,Unknown,1
CVE-2022-44698,Microsoft,0.0,12.0,5.4,Known,1
CVE-2022-27518,Citrix,0.0,12.0,9.8,Unknown,3
CVE-2022-26500,Veeam,271.0,3.0,8.8,Known,2
CVE-2022-26501,Veeam,271.0,3.0,9.8,Known,2
CVE-2022-42856,Apple,-1.0,12.0,8.8,Unknown,3
CVE-2018-5430,TIBCO,1717.0,4.0,8.8,Unknown,2
CVE-2018-18809,TIBCO,1393.0,3.0,6.5,Unknown,2
CVE-2022-41080,Microsoft,62.0,11.0,8.8,Known,1
CVE-2023-21674,Microsoft,0.0,1.0,8.8,Unknown,1
CVE-2022-44877,CWP,12.0,1.0,9.8,Unknown,3
CVE-2022-47966,Zoho,5.0,1.0,9.8,Known,2
CVE-2017-11357,Telerik,1982.0,8.0,9.8,Known,2
CVE-2022-21587,Oracle,107.0,10.0,9.8,Known,1
CVE-2023-22952,SugarCRM,22.0,1.0,8.8,Unknown,2
CVE-2015-2291,Intel,2011.0,8.0,7.8,Unknown,4
CVE-2022-24990,TerraMaster,3.0,2.0,7.5,Known,2
CVE-2023-0669,Fortra,4.0,2.0,7.2,Known,1
CVE-2023-21715,Microsoft,0.0,2.0,7.3,Unknown,1
CVE-2023-23376,Microsoft,0.0,2.0,7.8,Unknown,1
CVE-2023-23529,Apple,-13.0,2.0,8.8,Unknown,3
CVE-2023-21823,Microsoft,0.0,2.0,7.8,Unknown,1
CVE-2022-46169,Cacti,73.0,12.0,9.8,Unknown,3
CVE-2022-47986,IBM,4.0,2.0,9.8,Known,1
CVE-2022-41223,Mitel,91.0,11.0,6.8,Known,1
CVE-2022-40765,Mitel,91.0,11.0,6.8,Known,1
CVE-2022-36537,ZK Framework,185.0,8.0,7.5,Known,2
CVE-2022-28810,Zoho,323.0,4.0,6.8,Unknown,2
CVE-2022-33891,Apache,232.0,7.0,8.8,Unknown,3
CVE-2022-35914,Teclib,169.0,9.0,9.8,Unknown,2
CVE-2021-39144,XStream,564.0,8.0,8.5,Unknown,2
CVE-2020-5741,Plex,1036.0,5.0,7.2,Unknown,4
CVE-2023-23397,Microsoft,0.0,3.0,9.8,Unknown,1
CVE-2023-24880,Microsoft,0.0,3.0,4.4,Known,1
CVE-2022-41328,Fortinet,7.0,3.0,7.1,Unknown,1
CVE-2023-26360,Adobe,-8.0,3.0,8.6,Unknown,3
CVE-2013-3163,Microsoft,3550.0,7.0,0.0,Unknown,0
CVE-2017-7494,Samba,2130.0,5.0,9.8,Known,4
CVE-2022-42948,Fortra,6.0,3.0,9.8,Unknown,1
CVE-2022-39197,Fortra,189.0,9.0,6.1,Unknown,1
CVE-2021-30900,Apple,583.0,8.0,7.8,Unknown,3
CVE-2022-38181,Arm,156.0,10.0,8.8,Unknown,3
CVE-2023-0266,Linux,59.0,1.0,7.8,Unknown,1
CVE-2022-3038,Google,185.0,9.0,8.8,Unknown,1
CVE-2022-22706,Arm,392.0,3.0,7.8,Unknown,3
CVE-2022-27926,Zimbra,347.0,4.0,6.1,Unknown,2
CVE-2021-27876,Veritas,767.0,3.0,8.1,Known,2
CVE-2021-27877,Veritas,767.0,3.0,9.8,Known,2
CVE-2021-27878,Veritas,767.0,3.0,8.8,Known,2
CVE-2019-1388,Microsoft,1242.0,11.0,7.8,Known,4
CVE-2023-26083,Arm,1.0,4.0,3.3,Unknown,3
CVE-2023-28205,Apple,0.0,4.0,8.8,Unknown,3
CVE-2023-28206,Apple,0.0,4.0,8.6,Unknown,3
CVE-2023-28252,Microsoft,0.0,4.0,7.8,Known,1
CVE-2023-20963,Android,20.0,3.0,7.8,Unknown,3
CVE-2023-29492,Novi Survey,2.0,4.0,9.8,Unknown,1
CVE-2019-8526,Apple,1216.0,12.0,7.8,Unknown,3
CVE-2023-2033,Google,3.0,4.0,8.8,Unknown,1
CVE-2017-6742,Cisco,2102.0,7.0,8.8,Unknown,3
CVE-2023-28432,MinIO,30.0,3.0,7.5,Unknown,1
CVE-2023-27350,PaperCut,1.0,4.0,9.8,Known,1
CVE-2023-2136,Google,2.0,4.0,9.6,Unknown,1
CVE-2023-1389,TP-Link,47.0,3.0,8.8,Unknown,2
CVE-2021-45046,Apache,503.0,12.0,9.0,Known,3
CVE-2023-21839,Oracle,103.0,1.0,7.5,Unknown,1
CVE-2023-29336,Microsoft,0.0,5.0,7.8,Unknown,1
CVE-2023-25717,Ruckus Wireless,88.0,2.0,9.8,Unknown,2
CVE-2021-3560,Red Hat,450.0,2.0,7.8,Unknown,2
CVE-2014-0196,Linux,3292.0,5.0,0.0,Unknown,0
CVE-2010-3904,Linux,4540.0,12.0,0.0,Unknown,0
CVE-2015-5317,Jenkins,2725.0,11.0,0.0,Unknown,0
CVE-2016-3427,Oracle,2577.0,4.0,9.0,Unknown,4
CVE-2016-8735,Apache,2227.0,4.0,9.8,Unknown,3
CVE-2004-1464,Cisco,6713.0,12.0,0.0,Unknown,0
CVE-2016-6415,Cisco,2433.0,9.0,7.5,Unknown,3
CVE-2023-21492,Samsung,15.0,5.0,4.4,Unknown,2
CVE-2023-32409,Apple,-32.0,6.0,8.6,Unknown,3
CVE-2023-28204,Apple,-32.0,6.0,6.5,Unknown,3
CVE-2023-32373,Apple,-32.0,6.0,8.8,Unknown,3
CVE-2023-2868,Barracuda Networks,2.0,5.0,9.8,Unknown,3
CVE-2023-28771,Zyxel,36.0,4.0,9.8,Unknown,2
CVE-2023-34362,Progress,0.0,6.0,9.8,Known,1
CVE-2023-33009,Zyxel,12.0,5.0,9.8,Unknown,2
CVE-2023-33010,Zyxel,12.0,5.0,9.8,Unknown,2
CVE-2023-3079,Google,2.0,6.0,8.8,Unknown,1
CVE-2023-27997,Fortinet,0.0,6.0,9.8,Unknown,1
CVE-2023-20887,VMware,15.0,6.0,9.8,Unknown,2
CVE-2020-35730,Roundcube,906.0,12.0,6.1,Unknown,2
CVE-2020-12641,Roundcube,1144.0,5.0,9.8,Unknown,2
CVE-2021-44026,Roundcube,580.0,11.0,9.8,Unknown,2
CVE-2016-9079,Mozilla,1837.0,6.0,7.5,Unknown,4
CVE-2016-0165,Microsoft,2627.0,4.0,7.8,Unknown,4
CVE-2023-32434,Apple,0.0,6.0,7.8,Unknown,3
CVE-2023-32435,Apple,0.0,6.0,8.8,Unknown,3
CVE-2023-32439,Apple,0.0,6.0,8.8,Unknown,3
CVE-2023-20867,VMware,10.0,6.0,3.9,Unknown,2
CVE-2023-27992,Zyxel,4.0,6.0,9.8,Unknown,2
CVE-2019-17621,D-Link,1277.0,12.0,9.8,Unknown,3
CVE-2019-20500,D-Link,1211.0,3.0,7.8,Unknown,3
CVE-2021-25487,Samsung,631.0,10.0,7.8,Unknown,2
CVE-2021-25489,Samsung,631.0,10.0,5.5,Unknown,2
CVE-2021-25394,Samsung,748.0,6.0,6.4,Unknown,2
CVE-2021-25395,Samsung,748.0,6.0,6.4,Unknown,2
CVE-2021-25371,Samsung,825.0,3.0,6.7,Unknown,2
CVE-2021-25372,Samsung,825.0,3.0,6.7,Unknown,2
CVE-2021-29256,Arm,774.0,5.0,8.8,Unknown,3
CVE-2023-32046,Microsoft,0.0,7.0,7.8,Unknown,1
CVE-2023-32049,Microsoft,0.0,7.0,8.8,Unknown,1
CVE-2023-35311,Microsoft,0.0,7.0,8.8,Unknown,1
CVE-2023-36874,Microsoft,0.0,7.0,7.8,Unknown,1
CVE-2022-31199,Netwrix,245.0,11.0,9.8,Known,1
CVE-2022-29303,SolarView,427.0,5.0,9.8,Unknown,2
CVE-2023-37450,Apple,-14.0,7.0,8.8,Unknown,3
CVE-2023-36884,Microsoft,6.0,7.0,7.5,Known,1
CVE-2023-3519,Citrix,0.0,7.0,9.8,Known,3
CVE-2023-29298,Adobe,8.0,7.0,7.5,Unknown,3
CVE-2023-38205,Adobe,-56.0,9.0,7.5,Unknown,3
CVE-2023-35078,Ivanti,0.0,7.0,9.8,Known,1
CVE-2023-38606,Apple,-1.0,7.0,5.5,Unknown,3
CVE-2023-37580,Zimbra,-4.0,7.0,6.1,Unknown,2
CVE-2023-35081,Ivanti,-3.0,8.0,7.2,Unknown,1
CVE-2017-18368,Zyxel,1558.0,5.0,9.8,Unknown,2
CVE-2023-38180,Microsoft,1.0,8.0,7.5,Unknown,1
CVE-2023-24489,Citrix,37.0,7.0,9.8,Unknown,3
CVE-2023-26359,Adobe,151.0,3.0,9.8,Unknown,3
CVE-2023-38035,Ivanti,1.0,8.0,9.8,Unknown,1
CVE-2023-27532,Veeam,165.0,3.0,7.5,Known,2
CVE-2023-38831,RARLAB,1.0,8.0,7.8,Unknown,1
CVE-2023-32315,Ignite Realtime,90.0,5.0,7.5,Unknown,1
CVE-2023-33246,Apache,105.0,5.0,9.8,Unknown,3
CVE-2023-41064,Apple,4.0,9.0,7.8,Unknown,3
CVE-2023-41061,Apple,4.0,9.0,7.8,Unknown,3
CVE-2023-36761,Microsoft,0.0,9.0,5.3,Unknown,1
CVE-2023-36802,Microsoft,0.0,9.0,7.8,Unknown,1
CVE-2023-35674,Android,2.0,9.0,7.8,Unknown,3
CVE-2023-20269,Cisco,7.0,9.0,9.1,Known,3
CVE-2023-4863,Google,1.0,9.0,8.8,Unknown,1
CVE-2023-26369,Adobe,1.0,9.0,7.8,Unknown,3
CVE-2022-22265,Samsung,616.0,1.0,7.8,Unknown,2
CVE-2014-8361,Realtek,3062.0,5.0,0.0,Unknown,0
CVE-2017-6884,Zyxel,2356.0,4.0,8.8,Unknown,2
CVE-2021-3129,Laravel,979.0,1.0,9.8,Unknown,4
CVE-2023-28434,MinIO,181.0,3.0,8.8,Unknown,1
CVE-2023-41179,Trend Micro,2.0,9.0,7.2,Unknown,2
CVE-2023-41991,Apple,4.0,9.0,5.5,Unknown,3
CVE-2023-41992,Apple,4.0,9.0,7.8,Unknown,3
CVE-2023-41993,Apple,4.0,9.0,9.8,Unknown,3
CVE-2018-14667,Red Hat,1787.0,11.0,9.8,Unknown,4
CVE-2023-5217,Google,4.0,9.0,8.8,Unknown,1
CVE-2023-4211,Arm,2.0,10.0,5.5,Unknown,3
CVE-2023-42793,JetBrains,15.0,9.0,9.8,Known,1
CVE-2023-28229,Microsoft,176.0,4.0,7.0,Unknown,1
CVE-2023-22515,Atlassian,1.0,10.0,9.8,Known,3
CVE-2023-40044,Progress,8.0,9.0,8.8,Known,1
CVE-2023-42824,Apple,1.0,10.0,7.8,Unknown,3
CVE-2023-21608,Adobe,265.0,1.0,7.8,Unknown,3
CVE-2023-20109,Cisco,13.0,9.0,6.6,Unknown,3
CVE-2023-41763,Microsoft,0.0,10.0,5.3,Unknown,1
CVE-2023-36563,Microsoft,0.0,10.0,6.5,Unknown,1
CVE-2023-44487,IETF,0.0,10.0,7.5,Unknown,1
CVE-2023-20198,Cisco,0.0,10.0,10.0,Unknown,3
CVE-2023-4966,Citrix,8.0,10.0,7.5,Known,3
CVE-2023-20273,Cisco,-2.0,10.0,7.2,Unknown,3
CVE-2023-5631,Roundcube,8.0,10.0,5.4,Unknown,2
CVE-2023-46748,F5,5.0,10.0,8.8,Unknown,3
CVE-2023-46747,F5,5.0,10.0,9.8,Unknown,3
CVE-2023-46604,Apache,6.0,10.0,9.8,Known,3
CVE-2023-22518,Atlassian,7.0,10.0,9.8,Known,3
CVE-2023-29552,IETF,197.0,4.0,7.5,Unknown,1
CVE-2023-47246,SysAid,3.0,11.0,9.8,Unknown,2
CVE-2023-36844,Juniper,88.0,8.0,5.3,Unknown,1
CVE-2023-36845,Juniper,88.0,8.0,9.8,Unknown,1
CVE-2023-36846,Juniper,88.0,8.0,5.3,Unknown,1
CVE-2023-36847,Juniper,88.0,8.0,5.3,Unknown,1
CVE-2023-36851,Juniper,47.0,9.0,5.3,Unknown,1
CVE-2023-36033,Microsoft,0.0,11.0,7.8,Unknown,1
CVE-2023-36025,Microsoft,0.0,11.0,8.8,Unknown,1
CVE-2023-36036,Microsoft,0.0,11.0,7.8,Unknown,1
CVE-2023-36584,Microsoft,37.0,10.0,5.4,Unknown,1
CVE-2023-1671,Sophos,226.0,4.0,9.8,Unknown,2
CVE-2020-2551,Oracle,1401.0,1.0,9.8,Unknown,4
CVE-2023-4911,GNU,49.0,10.0,7.8,Unknown,1
CVE-2023-6345,Google,1.0,11.0,9.6,Unknown,1
CVE-2023-49103,ownCloud,9.0,11.0,7.5,Unknown,2
CVE-2023-42917,Apple,4.0,11.0,8.8,Unknown,3
CVE-2023-42916,Apple,4.0,11.0,6.5,Unknown,3
CVE-2023-33107,Qualcomm,0.0,12.0,7.8,Unknown,1
CVE-2023-33106,Qualcomm,0.0,12.0,7.8,Unknown,1
CVE-2023-33063,Qualcomm,0.0,12.0,7.8,Unknown,1
CVE-2022-22071,Qualcomm,539.0,6.0,7.8,Unknown,1
CVE-2023-41266,Qlik,100.0,8.0,6.5,Known,1
CVE-2023-41265,Qlik,100.0,8.0,9.9,Known,1
CVE-2023-6448,Unitronics,6.0,12.0,9.8,Unknown,2
CVE-2023-49897,FXC,15.0,12.0,8.8,Unknown,1
CVE-2023-47565,QNAP,13.0,12.0,8.8,Unknown,1
CVE-2023-7101,Spreadsheet::ParseExcel,9.0,12.0,7.8,Unknown,2
CVE-2023-7024,Google Chromium,12.0,12.0,8.8,Unknown,1
CVE-2023-23752,Joomla!,326.0,2.0,5.3,Unknown,1
CVE-2016-20017,D-Link,446.0,10.0,9.8,Unknown,3
CVE-2023-41990,Apple,118.0,9.0,7.8,Unknown,3
CVE-2023-27524,Apache,259.0,4.0,9.8,Unknown,3
CVE-2023-29300,Adobe,180.0,7.0,9.8,Unknown,3
CVE-2023-38203,Adobe,172.0,7.0,9.8,Unknown,3
CVE-2023-29357,Microsoft,210.0,6.0,9.8,Unknown,1
CVE-2023-46805,Ivanti,-2.0,1.0,8.2,Unknown,1
CVE-2024-21887,Ivanti,-2.0,1.0,9.1,Unknown,1
CVE-2018-15133,Laravel,1986.0,8.0,8.1,Unknown,4
CVE-2024-0519,Google,1.0,1.0,0.0,Unknown,1
CVE-2023-6549,Citrix,,,,Unknown,3
CVE-2023-6548,Citrix,,,,Unknown,3
